token0,symbolToken0,decimalToken0,min_rank
0xbbba073c31bf03b8acf7c28ef0738decf3695683,,,14
0xb5c064f955d8e7f38fe0460c556a72987494ee17,,,16
0xe5417af564e4bfda1c483642db72007871397896,,,17
0x750e4c4984a9e0f12978ea6742bc1c5d248f40ed,,,20
0xbfc70507384047aa74c29cdc8c5cb88d0f7213ac,,,29
0xd0258a3fd00f38aa8090dfee343f10a9d4d30d3f,,,32
0x1d734a02ef1e1f5886e66b0673b71af5b53ffa94,,,34
0xe261d618a959afffd53168cd07d12e37b26761db,,,35
0x03b54a6e9a984069379fae1a4fc4dbae93b3bccd,,,37
0x67eb41a14c0fe5cd701fc9d5a3d6597a72f641a6,,,40
0x0e9b89007eee9c958c0eda24ef70723c2c93dd58,,,43
0x0c9c7712c83b3c70e7c5e11100d33d9401bdf9dd,,,44
0x612d833c0c7a54cdfbe9a4328b6d658020563ec0,,,45
0x0169ec1f8f639b32eec6d923e24c2a2ff45b9dd6,,,46
0xe06bd4f5aac8d0aa337d13ec88db6defc6eaeefe,,,48
0x8a953cfe442c5e8855cc6c61b1293fa648bae472,,,49
0x2760e46d9bb43dafcbecaad1f64b93207f9f0ed7,,,51
0xc5102fe9359fd9a28f877a67e36b0f050d81a3cc,,,54
0x12a4cebf81f8671faf1ab0acea4e3429e42869e7,,,56
0xec38621e72d86775a89c7422746de1f52bba5320,,,57
0xd125443f38a69d776177c2b9c041f462936f8218,,,58
0x491a4eb4f1fc3bff8e1d2fc856a6a46663ad556f,,,59
0xa2ca40dbe72028d3ac78b5250a8cb8c404e7fb8c,,,60
0x8e3f56e2414aa427a211c69a3a20124e351baec1,,,61
0xd0b3a0e0ea080a0882d6e048cae8558f010ce81f,,,63
0xdfce1e99a31c4597a3f8a8945cbfa9037655e335,,,64
0x8497842420cfdbc97896c2353d75d89fc8d5be5d,,,65
0x54e38ca1aaafd4ca90637c8c3e50758eeadaf67d,,,66
0x101a023270368c0d50bffb62780f4afd4ea79c35,,,70
0xe8d17b127ba8b9899a160d9a07b69bca8e08bfc6,,,71
0x8f006d1e1d9dc6c98996f50a4c810f17a47fbf19,,,73
0x958d208cdf087843e9ad98d23823d32e17d723a1,,,74
0x692ac1e363ae34b6b489148152b12e2785a3d8d6,,,76
0x9246a5f10a79a5a939b0c2a75a3ad196aafdb43b,,,77
0x2ab0e9e4ee70fff1fb9d67031e44f6410170d00e,,,78
0xbbfe0b60de96a189bf09079de86a2db7bf0c7883,,,79
0x6f06e6bed64cf4c4187c06ee2a4732f6a171bc4e,,,81
0xc2a45fe7d40bcac8369371b08419ddafd3131b4a,,,82
0x7bdf330f423ea880ff95fc41a280fd5ecfd3d09f,,,84
0xee9a352f6aac4af1a5b9f467f6a93e0ffbe9dd35,,,85
0xdf7837de1f2fa4631d716cf2502f8b230f1dcc32,,,86
0xdda40cdfe4a0090f42ff49f264a831402adb801a,,,88
0xac0f66379a6d7801d7726d5a943356a172549adb,,,93
0x444444444444c1a66f394025ac839a535246fcc8,,,95
0xd5d86fc8d5c0ea1ac1ac5dfab6e529c9967a45e9,,,96
0xab5f7a0e20b0d056aed4aa4528c78da45be7308b,,,97
0x6e4e624106cb12e168e6533f8ec7c82263358940,,,98
0x9f28e2455f9ffcfac9ebd6084853417362bc5dbb,,,99
0x18e73a5333984549484348a94f4d219f4fab7b81,,,100
0x537b9f8b41d331c89326454256cc2853acb8a435,,,101
0xb25e20de2f2ebb4cffd4d16a55c7b395e8a94762,,,102
0xabeb34c52292c5f3ee96396e02d8a77c8a903a4f,,,103
0x02968ea3ec4461d46fdc339a707d2a94123e3da5,,,105
0x9ca6a77c8b38159fd2da9bd25bc3e259c33f5e39,,,109
0x058af2e730fb5ee7e1d7ecbc5079be1aabd30513,,,110
0x9c9e5fd8bbc25984b178fdce6117defa39d2db39,,,112
0xd1f9c58e33933a993a3891f8acfe05a68e1afc05,,,114
0x3b7e1ce09afe2bb3a23919afb65a38e627cfbe97,,,115
0x6f3cc27e17a0f2e52d8e7693ff0d892cea1854bf,,,116
0x831753dd7087cac61ab5644b308642cc1c33dc13,,,117
0xed88227296943857409a8e0f15ad7134e70d0f73,,,119
0x282d8efce846a88b159800bd4130ad77443fa1a1,,,120
0x6f8a06447ff6fcf75d803135a7de15ce88c1d4ec,,,122
0xbc5eb84c052fd012bb902c258c9fd241b17c0005,,,123
0xb6c3c00d730acca326db40e418353f04f7444e2b,,,124
0xb6bcae6468760bc0cdfb9c8ef4ee75c9dd23e1ed,,,125
0xc6c855ad634dcdad23e64da71ba85b8c51e5ad7c,,,130
0x311434160d7537be358930def317afb606c0d737,,,133
0x79375c41d88f839f551457145066096c5c8944bc,,,137
0xfca466f2fa8e667a517c9c6cfa99cf985be5d9b1,,,138
0x3b56a704c01d650147ade2b8cee594066b3f9421,,,139
0x48b7ef4b5d2cee4f9f2b740f612462e6bc050418,,,140
0x1379e8886a944d2d9d440b3d88df536aea08d9f3,,,141
0x7dff46370e9ea5f0bad3c4e29711ad50062ea7a4,,,145
0xf4c83080e80ae530d6f8180572cbbf1ac9d5d435,,,146
0x6ab4e20f36ca48b61ecd66c0450fdf665fa130be,,,147
0xc9010ebde4f93c6127abce5d2a948b7f9badd446,,,150
0x32f81f5fa147027f990b6a35e14b41b5990fce1a,,,151
0x42d61d766b85431666b39b89c43011f24451bff6,,,153
0xc837f561866ec886ba05d97ed02eff65184fbfc2,,,154
0x22e3f02f86bc8ea0d73718a2ae8851854e62adc5,,,155
0x346404079b3792a6c548b072b9c4dddfb92948d5,,,157
0x3f8a923dda0c58ef6c353efb8141007617ab871c,,,158
0x27d1a8d840ec3c1f4be069244e918980b2d73916,,,159
0xfc7cb5c0ce1e41654426660e4777427abe1911d8,,,160
0x83d8af1ad528fd400f141b7190859e54d83bfe7f,,,161
0x47dd60fa40a050c0677de19921eb4cc512947729,,,162
0xf78610d0a197842bf98ca45254897edd13c5d182,,,165
0x7a7b94f18ef6ad056cda648588181cda84800f94,,,168
0x1386617a1bb2a6aa712ab3616bcaf1211152d1e8,,,169
0xb0b2ef34d412d73b0ff90a709d1779a20655165a,,,171
0xa486c6bc102f409180ccb8a94ba045d39f8fc7cb,,,172
0xee7666aacaefaa6efeef62ea40176d3eb21953b9,,,173
0xc643164d9cae8f745938bf539e675cbe43dbc32c,,,176
0x53d9006010ce785bae94555e07d5268480b5c371,,,177
0x63610f5e576164ec822e5aed9bcf1af864bf92ee,,,178
0x7e7ff932fab08a0af569f93ce65e7b8b23698ad8,,,180
0x229b1b6c23ff8953d663c4cbb519717e323a0a84,,,181
0xd6c93ab226455c524663eebd79fa2de9395c7d8d,,,182
0xce1f3c5bac577302758b7ecb090576897d151c5b,,,184
0x0b220b82f3ea3b7f6d9a1d8ab58930c064a2b5bf,,,185
0xc3e8abfa04b0ec442c2a4d65699a40f7fced8055,,,186
0x59b5654a17ac44f3068b3882f298881433bb07ef,,,187
0xac51c4c48dc3116487ed4bc16542e27b5694da1b,,,188
0xec24c04868da7abba292c2ba46fe77788a3f5f74,,,189
0x3801c3b3b5c98f88a9c9005966aa96aa440b9afc,,,190
0x0c0391a4abef50fc9386f69f2266d4d2fbeb96c7,,,191
0x323f92f937c8581abaed2df4b09e4bbd70d7d12d,,,192
0xed8463fec47e04f2c4e216637e98e0be2e5bf306,,,193
0xb85517b87bf64942adf3a0b9e4c71e4bc5caa4e5,,,195
0xd13c829bf9bf2a097b1e185e897c78448ed750e6,,,196
0x3b1a0c9252ee7403093ff55b4a5886d49a3d837a,,,197
0x8626264b6a1b4e920905efd381002aba52ea0eea,,,198
0x2bc07124d8dac638e290f401046ad584546bc47b,,,199
0x430ef9263e76dae63c84292c3409d61c598e9682,,,202
0x7fbc10850cae055b27039af31bd258430e714c62,,,203
0xc3c7d422809852031b44ab29eec9f1eff2a58756,,,204
0x026cb2fc607a333e9c64d0c6f8660fc6d7a4e9de,,,205
0x187ae45f2d361cbce37c6a8622119c91148f261b,,,206
0xec34a2f53c95b6ad06f7f2af6be9fc962f3fc4ee,,,207
0x580a84c73811e1839f75d86d75d88cca0c241ff4,,,208
0x13c688eb954e367f5b4ff7cc4f706f2272660eb1,,,209
0x1f89600a0a08bc51eef1bec8e1ca826145753052,,,210
0x91e7e32c710661c44ae44d10aa86135d91c3ed65,,,213
0x61299774020da444af134c82fa83e3810b309991,,,214
0x1551866342b8658199774861f89399520960bc27,,,215
0xb35fcbcf1fd489fce02ee146599e893fdcdc60e6,,,216
0x9cd552551ec130b50c1421649c8d11e76ac821e1,,,217
0x47ab4242462087273716881a13714de5d0235d67,,,218
0x589503e30e29454d98d59a34f2058a5aa4e38730,,,219
0x462d8d82c2b2d2ddabf7f8a93928de09d47a5807,,,221
0xa874a3082d232e517654da2ce89374d556d339c4,,,222
0x18f01f43f3aa33833f4ec8a9b9218d862ba5d8e8,,,224
0xffb9f1907f827709b0ed09b37956cd3c7462abdb,,,225
0x428ac1de3fc08c0f3a47745c964f7d677716981f,,,226
0x91c89a94567980f0e9723b487b0bed586ee96aa7,,,227
0x12f99561ce5453d9917d997846f2d8df00a97037,,,228
0xe453cbd79e85bedd346a0e727db05121d648d2b7,,,229
0x5736df66b4f8401d639ffa915a46b4c548c09ac1,,,231
0xc30f68091fb72469b0e0481e2551aa5e759d6271,,,232
0x9dbad35e5ff07bdc1ed5cf37bc30f7439996df63,,,233
0x765d6f7754ca7c97b86695a19dbbaefbb9d33bd5,,,237
0xb382c1cfa622795a534e5bd56fac93d59bac8b0d,,,238
0xbdc0db15b4d95d36f72561fa5a085027f61f4a44,,,239
0x54536aeea5f4511cee92cc67a9aad296078ca4e4,,,243
0x0e50bea95fe001a370a4f1c220c49aedcb982dec,,,244
0xa0df47432d9d88bcc040e9ee66ddc7e17a882715,,,246
0xc3ec80343d2bae2f8e680fdadde7c17e71e114ea,,,247
0xecdcb5b88f8e3c15f95c720c51c71c9e2080525d,,,248
0x23d29d30e35c5e8d321e1dc9a8a61bfd846d4c5c,,,249
0xb91916194b13fba164d4bd85a75b70285ad130de,,,253
0x22580c103d9d8091d028668bbcee41a04b434074,,,254
0x204820b6e6feae805e376d2c6837446186e57981,,,255
0xd0cfd20e8bbdb7621b705a4fd61de2e80c2cd02f,,,256
0x252181197f84b8a084f167c33040e333628f5145,,,257
0x4125d86746b2d3aeda95da99dbdfa228ba28cdb3,,,258
0x56633733fc8baf9f730ad2b6b9956ae22c6d4148,,,259
0x33c5a0e0bfc2521012d20356d1a48ab44b42ff5f,,,261
0x695fc8b80f344411f34bdbcb4e621aa69ada384b,,,262
0xa934bcbf24a7272781197b6559230c30bf0bb2e6,,,263
0x73dc6a11a346425d867230f06e4a9fb7a9b53d2e,,,264
0x4b27cd6e6a5e83d236ead376d256fe2f9e9f0d2e,,,267
0x23e8b6a3f6891254988b84da3738d2bfe5e703b9,,,268
0x1eba4b44c4f8cc2695347c6a78f0b7a002d26413,,,269
0xe631dabef60c37a37d70d3b4f812871df663226f,,,272
0xecfb24be40f88d66bb7a14a4bc7f22bdf6841a93,,,275
0x67cdeea6c3cfe7c93f8d8a96e26c008533b8995b,,,276
0x70048335a8bcd746a2f45bd4bb15f99da5e0eb05,,,277
0xfe4db7ca9455bebb7583c764389842c85e06fe1a,,,278
0x671078c0496fa135a8c45fc7c9fa7b1501fd5146,,,279
0xb2c63830d4478cb331142fac075a39671a5541dc,,,280
0x20aa598eebe28cd5c8751288147a9723627975c6,,,281
0x5548e42353334614f0aa92780bcf2c221313e1ac,,,282
0x4ee438be38f8682abb089f2bfea48851c5e71eaf,,,284
0xcbfbdd24531b713e04818bcff9c7458fd72e6c82,,,285
0x34667ed7c36cbbbf2d5d5c5c8d6eb76a094edb9f,,,288
0xb45f6e99bc6e4a8bc431ba86b2e0376271c8545f,,,290
0x4036f3d9c45a20f44f0b8b85dd6ca33005ff9654,,,292
0x9cd6746665d9557e1b9a775819625711d0693439,,,293
0x6972f6e1111f3f162312e3980eb827a97fd6c37f,,,296
0xcb4842687b0c687ec1e8bb4f79cd0a0dad227c78,,,297
0xc004e2318722ea2b15499d6375905d75ee5390b8,,,298
0xc9e6e3e755a834cc6ef44d1e981dbcecee3a0fdb,,,299
0xd93f7e271cb87c23aaa73edc008a79646d1f9912,,,302
0x44a6e0be76e1d9620a7f76588e4509fe4fa8e8c8,,,304
0x0dedb83cba2f32bcbd06ef8bb25fced85b85c01f,,,306
0xc642defdd176f19db8e75b27077d0fe4347553fc,,,307
0x77d97db5615dfe8a2d16b38eaa3f8f34524a0a74,,,309
0xf67c9cc6cba941d55abd794dc1b31d36946b42be,,,310
0x5459152d2274586f98044159c79283367d6306ef,,,311
0x948d653f014d02aaa56c0fce794443ecc827ab28,,,312
0x5f0197ba06860dac7e31258bdf749f92b6a636d4,,,315
0xee9801669c6138e84bd50deb500827b776777d28,,,316
0x2c605cfdc199ae80bf70318de855769702e52967,,,317
0xb53ec4ace420a62cfb75afdeba600d284777cd65,,,318
0xc4b00de48c795666c2b0ad0ed4b9ac7e22fd10e1,,,319
0xe84dfa1a440dab5a5945f7774b22baf2b431d6d3,,,320
0xb39bb98170b50a68579687eeaf3eb8a17f81cd49,,,322
0xaf8f7162b11f56d9a138bbb1b83ef9e26c56d9a0,,,323
0x42e5e06ef5b90fe15f853f59299fc96259209c5c,,,324
0x10adf16a60f0020477c70473d6ea595d9bc29372,,,325
0xcf7276a62823c9d7efd540b806ce70a46419f8a6,,,326
0x8865bc57c58be23137ace9ed1ae1a05fe5c8b209,,,328
0x70e546c7a2ca4495cfcbe263a3b6d5ce68b2204c,,,329
0xb837f0e111596348a27e424e43938eb01753cf34,,,330
0xd3b71117e6c1558c1553305b44988cd944e97300,,,331
0x7e26081d41fd9a18a32b66268c8cc5c621eb1cf2,,,333
0x086373fad3447f7f86252fb59d56107e9e0faafa,,,334
0x676070e324f0c75f24c3ff5c96e5561d4d4c56ce,,,335
0x5d089336f95e649e491c054279d64a86565e8b25,,,336
0x3c205c8b3e02421da82064646788c82f7bd753b9,,,338
0x06873c7e7020a7845db8eced6cd1041afcbc9822,,,339
0xfbecfb7b87752aa28383a5ac1e9d9e05e0526017,,,341
0x379065b360033176e255b60ab2346ff180943b52,,,342
0xe62b9419a5573fc17c749abaab75242027ac27ee,,,345
0x38a536a31ba4d8c1bcca016abbf786ecd25877e8,,,346
0x1f3917c93fafa42f446137a46987daf2e79a497b,,,347
0xa0e390e9cea0d0e8cd40048ced9fa9ea10d71639,,,349
0xc8f1248b803b5ced2d5556017092e5dabffdda37,,,350
0x34ad6a664b4112a9c6bac7b54b4094a05e3ff775,,,352
0x6deb362e86e79208f7dd60608e71596ffd88d733,,,353
0x39b6fc333b9b22749135e80cc27b5c82d91a4f50,,,354
0x789eaa1ad044475b90e42ab010f97f1ad6964ab1,,,355
0x76bca823fe6f2c88dfd43058653f9280cf9bdc3e,,,357
0x3a3df212b7aa91aa0402b9035b098891d276572b,,,358
0xaa404804ba583c025fa64c9a276a6127ceb355c6,,,359
0x4de05e6f0f4362195f5168c9409b05d8967baebb,,,360
0x75e7dc6a1ba66b07b07e38756b83e028f4487005,,,362
0x8d48012b7f71fbf60d35eaa3f56ae6fdf43644ed,,,364
0x9dd006936c774977b61f25a24cedce47770a6461,,,365
0x5647fe4281f8f6f01e84bce775ad4b828a7b8927,,,366
0xe0339c80ffde91f3e20494df88d4206d86024cdf,,,367
0x5c947eb80d096a5e332bf79bfdc9feb3d0a201d7,,,369
0xa3c322ad15218fbfaed26ba7f616249f7705d945,,,371
0x2340a5742579b39a7b672af0d475a89e7a4c5174,,,372
0xdf1570c38c907a55e94faf413fadacb70d78f959,,,373
0x1177097aca445930c9ae0c01fffb2fe33cb2f381,,,374
0x7e337fc1d31ad444ac31cc9a5f4effbaa6ff8dab,,,375
0xec3f7bdcb0f2436e3c1632f6f47b92ff0da2743c,,,376
0x55ecf472eb8321cb4f77fd61492625ebf9002267,,,377
0x6f7c932e7684666c9fd1d44527765433e01ff61d,,,378
0x4b4327db1600b8b1440163f667e199cef35385f5,,,382
0x60edc5ee90fea7deb8768085a140abc5dc905e99,,,383
0x8068750cf1994b4aa8a0c3fb97566a431958e3d5,,,384
0x02753ee6a439be76cfaf828cebe02ce88ecff8b5,,,386
0x7ecb5699d8e0a6572e549dc86dde5a785b8c29bc,,,388
0x94788309d420ad9f9f16d79fc13ab74de83f85f7,,,389
0x5480880b0539317291810045cdb0cf6457d38433,,,390
0x874e178a2f3f3f9d34db862453cd756e7eab0381,,,391
0x2d45c2b9937a0e6985f7e66ac00467c8aa902f48,,,393
0xbe48e08db415cc17b9a2f12cd943558a2d5a7163,,,394
0xf40d9de56b1fbaff388f4d1b97dc8dfc184d34ce,,,396
0x6286a9e6f7e745a6d884561d88f94542d6715698,,,399
0xb4f457270c5688e933dd991e8af0d3ac0dcb2b0e,,,400
0x8930568b98e48aa02cc660992a9223e596c528b8,,,401
0xd630bab45cb21ded4f637c164659a4ad870f2bb9,,,402
0x3d82346b25a504d936cfcd42aa193b618a9f6e1b,,,403
0x3017f7cd9be91ce3c6ff791ccb1a6142c8fb167e,,,404
0xb48bd29939405311355a4a69b26110eeb0578f93,,,408
0x9d939e22d4a50025cddac3d26f9485e49f95d074,,,410
0x3050731a7ab18d05eaa5e01d66df33e04444e72c,,,411
0xcb8bcdb991b45bf5d78000a0b5c0a6686ce43790,,,412
0xc2ab03b49cde764e9609252235e0fabf85ceaece,,,413
0x2cb56bac568f30753d06d77bd8964ce49901e6cc,,,414
0xd1e6354fb05bf72a8909266203dab80947dceccf,,,415
0x441950037ae4d61bb20b6d639f2073062fa551b1,,,416
0x69027c8f3b39ddc03b6994e803ae7afae18367c4,,,418
0x7cdfe6053ab121891a3dc35f3592a55b004e624f,,,419
0xffc1aa23db354c8f7f081b413a43a53dad8b1fc2,,,420
0xc44c9c0594ab295799f197359bbaa32cd7a13b22,,,421
0xbb115037c0ceba3fa1e49f34b4a8160a1e86791b,,,422
0x02649c1ff4296038de4b9ba8f491b42b940a8252,,,423
0x249ee085ee379dba501b1304db2d785ee3a5f24e,,,424
0x0d0b8488222f7f83b23e365320a4021b12ead608,,,425
0xb29781b8b09ba707631ee6720e50129777d4ba31,,,427
0x9e2d266d6c90f6c0d80a88159b15958f7135b8af,,,429
0x123bac012e3b5edf2db7cbd227dd7077bad59556,,,430
0x8031c44b96ec8c9b66ab16c2c164e8deeb361a3f,,,434
0xce2fcebdfbdf9bd211936eb6b945d163702d28ef,,,435
0x83a62c2020c413b98e09787ada327191a2d870ef,,,436
0x4e7d17e4d2c31890d5e54a17399cbbe3da4212ba,,,437
0x1d2ca639037d713c937c4890446fbe38138fd733,,,438
0xe4b23329a58068560de6b89166dda9194f4538c6,,,440
0xfd2e95937a9a1b4a87b8c47fd3e9acc123314c0e,,,441
0xb81ffd9a9b11821f1b04b632e8af04158fa683c9,,,443
0xa563418d0d0ab3640b0eb54d3f528f2d7e534900,,,446
0x9dbfc1cbf7a1e711503a29b4b5f9130ebeccac96,,,451
0x9d9b0c4dfb66468b2c1993e2235c780d75ad418f,,,452
0x39e472e7010aad744ce384583524600a545fcad5,,,453
0xaacfb4ed6178d14d8c52ac94a412952e38dcb4ca,,,454
0xad9abc662c0dc63b8235667c4858988de4bd50ae,,,455
0x5672cbe1e116eb340ee53b0b69844ea07ee8835d,,,457
0xf44581d66ff317d5d5307aa3235266f8c6694380,,,458
0x82362ec182db3cf7829014bc61e9be8a2e82868a,,,460
0x4b6d1ee0dfa39324cc093d670c8c270745c870b2,,,461
0x82b37070e43c1ba0ea9e2283285b674ef7f1d4e2,,,463
0xcec974b72997b921f629dae516b890b72aa0beca,,,464
0x6df5c1da0310a0725b919579d06de427cb578c83,,,465
0x44b8626715cec5290096093a621d5e85854927c6,,,466
0xb1c5c9b97b35592777091cd34ffff141ae866abd,,,467
0xc71589a14aa2515a5a8976e29efcaa443449e682,,,468
0x2071c9f603615c3d48500a488a39d30cc20dfa83,,,469
0xbb2e3a3aa4964c5c6cc3c1c8ebf92f8dd14953f0,,,470
0x4cc1a6347ee8bcc92f42c8976ac28f9a4c1055ef,,,473
0x6b3ea85225d97f204dca9b456d784bbd41c01ae2,,,474
0x9a42dc7edb66f881bf779d884ff3209e0fa57a51,,,475
0x4e78011ce80ee02d2c3e649fb657e45898257815,,,476
0xb6a5ae40e79891e4deadad06c8a7ca47396df21c,,,477
0xfdc4a507039bb0fcef4572e019dac3bb6b8470c1,,,480
0xd0bb01ba48a191cd0d231464c071141ac13b4e91,,,481
0xb8ca15a952a04e0261fae02677da5ee735b36967,,,482
0x312aa7d11e5ae8d8429b81e78445f6c1fc60d917,,,484
0x6d53a11f2b9bae481df480055fbc298984a019bb,,,485
0x553d3d295e0f695b9228246232edf400ed3560b5,,,486
0x95ece3815c035b76e918e2a9fa81f23a89c3b703,,,487
0xf60fd2fc7a31bca079a094dabb24feefb225e618,,,488
0x35ac92580eb672d9c76fee4228165f6ef224c334,,,489
0x1bb4da071a0525805d54f5d2ae1ee53f19eb700d,,,491
0xa040b18409fa56c70f452a1b0a3d1baef389b964,,,493
0x0c8751e845d76cb82f1f85b989239450c7ab1e25,,,494
0xffebb6d5aba955c03b203732405914150403a3bf,,,496
0x7d471fb58b9fdae26f3c8cbb036a5698d110dec2,,,499
0x3d356e087e3c6b25e1772c0574e02057102296da,,,500
0x9f4bfdb8db1c65f0e117d17be340177d6c6f2eb3,,,501
0x89f98423660347264341572e7a37afb5f6863701,,,502
0xf0b5d85570bb7b3245f29cb545bc5fc35790fe54,,,503
0x3405a1bd46b85c5c029483fbecf2f3e611026e45,,,505
0x08f40de85f4b73c4288b68de873f37e4a308b060,,,506
0xfbdd194376de19a88118e84e279b977f165d01b8,,,507
0xb21c575317f735289cb43fc7cabce785d4355cc0,,,508
0x167e4ae92f38280c048a17fb0eaf9666293d1869,,,510
0xd6e8ca78e0f2a943281e40de63a29082e4a4541a,,,511
0xbec3a3238fac0f6a79443ade963a00456af6833e,,,512
0xbd34c3a9061118d2919fd7df1a374f5424de2947,,,513
0x4e3f6e1adc50205e329fb58fa9548f72f9fd41d8,,,514
0xcc0f84e6e323aee65295c14c2ecc6784b04361b2,,,515
0xe48796a92dcb303d56d4eecb626456db132242ea,,,517
0x25cbf5092cc033ab13a7f9286d88fcf27e5d04be,,,518
0x1c0aaf256f581774e21d1fae64244c6676bff04c,,,520
0x47a76795fde5e6daeed2a2dae1104ada0f281c28,,,521
0xb5eb5c3ea3c1c0434451c587e9fc15391b95227d,,,522
0xe77abb1e75d2913b2076dd16049992ffeaca5235,,,523
0x03678f2c2c762dc63c2bb738c3a837d366eda560,,,524
0xca0a17ad7695d49dbdbedc72b2abe853af8c7193,,,526
0x2a7acf9ce64e8281d61a70bde1d0d9e19ff9b3fc,,,527
0x820802fa8a99901f52e39acd21177b0be6ee2974,,,528
0x5c4b7ccbf908e64f32e12c6650ec0c96d717f03f,,,529
0x5e7a4558118b70e13693aea0058a0aad3193fcfd,,,530
0x549b06987ed5ae34b57b73cf9f9ba55b60e4e752,,,531
0x3028cdf5219443a70fe6343a31e89f81013e915a,,,533
0x92af4c3edb23d88d1958e69c59ee0574ff8f2d71,,,534
0x67e57c9eb0266ffe7648025b2354fd2f5acff155,,,535
0xdeeaa1e5bc43efbd767ee46e0b73c8dcf7024716,,,536
0x74e13fcfd0af3d31dfa58382b6145e421b538294,,,538
0x56aa55bb58bbca6f31f15a1a3ac15f70c5413108,,,539
0xc370e41f37a75906769efbcf1532365bba096652,,,540
0xf9d3d8b25b95bcda979025b74fdfa7ac3f380f9f,,,541
0xe3e7030ce60b7b6d9027d0e4d93cf2b77fc989de,,,542
0x6968105460f67c3bf751be7c15f92f5286fd0ce5,,,543
0x9cd2f9ba8641f21f0bc1ba8f1d57db57f6aead65,,,544
0xfdcfa36f61f114bf2f7c68c3fad2b4d125b1cbcc,,,545
0xcf7b421bbc03c05b09c830330f047ead6d092f07,,,546
0x0fe518b164aa1d9fe8de92a11688ea8c4e392219,,,547
0x4a1292fd3b8137e474cc36feceb5e1628eb34893,,,549
0x46eab6c2f9a300ca815eab8885e3f11e85512843,,,551
0x9c2fb4b93b762716c935a9d64f8d8b68c7790eaf,,,552
0xf986a6737d647424cc2d2595b74813a7ad59db70,,,554
0xfcb5a415c5665a2868e9afc776fb506e127fd373,,,555
0xa454e8e11b922871a2eca596a13dcbfab2d364ab,,,556
0xaf030d877aabd76a72d45fa40ddab66de7c7cbb3,,,558
0xa869c02a0b0107254194f0756b00bd4336179035,,,560
0x6d39755127c7ba1a8e84451164c490b24467ba6e,,,561
0xe97a60f5d34da4f68bc1f1b9ce2c19ec1a33e928,,,562
0x15881780ad295afc5b385e1dc133b0024dda6389,,,564
0x6612e6b288c30f47c99e299163203fdc698ab219,,,565
0xd78e184c2a02184f33eddb047db9af6710c80c42,,,566
0x535a6a3033f5c8ca64f1103d85937870be7696a0,,,571
0x146e58d34eab0bff7e0a63cfe9332908d680c667,,,573
0xc4c341148cf121f1fa962fca211b0057e0eb7d41,,,574
0x18aeefecdafe2297c2c431ca0c8e7e877def35a9,,,575
0xd3b02fdfd547aa60e1b4889fcdd60d2bc96af7f1,,,576
0x0833dfd43e5f97706c3aa39b76f2676eb7a7ded8,,,577
0xe4c0bde15b5de200f2ab0b6be96066889ffb3f70,,,578
0xd6d0944ceaac33bc0aafffbaecc6673aec85ea3d,,,579
0x558c7f320ffc3064865bea361141ac1d2d1cb7a1,,,581
0xac3d037305f494810a0e783fcd81689bad7f189f,,,583
0xd58347d02d0a8ffcd6c601e61ccce7afc2f1a0b3,,,584
0xb155547779fbd8f7d43589e5eeb20aa6005abecf,,,585
0x7ae5c4374554a8e77cd63c4251ee66b15d14da48,,,586
0xad0a7bf494428d4f0cd6d8f46bc7e7a3c7338056,,,587
0x797cf828cdbe044c0fd6425c553172de6f237de7,,,590
0x3cb3c4481db1e61bb64d394529cb20dcc29e7cc2,,,593
0x3f0ed4324052196930bbee42746c63a6cffb5a20,,,594
0x1248fa425de2347171735f329ff007187b366a7e,,,597
0xcbafa2eb83576b21205d8ee1ffbdedf1ad103ce5,,,599
0x73b326ecfc3b3c2754ec9d605354740d18c533d9,,,601
0xfdbebb95c975bcff32be1f91ebc9f65151d93edf,,,602
0x5cd68bc94832a8204af154e12b32d0e0f0a7e7ab,,,603
0x59566f90e7fc096eab985f5233c55989433d2acf,,,605
0x96da121769d7ae4420ed1d6ab6fbea0189d5f5b5,,,606
0x4193103fbd8ebdd4f50acc37e024037e0a2392f9,,,608
0x0b45a69529d327ab1348356fa4b455bfd4c2b5e9,,,610
0x18b948ea6ad833e9395784226fa63d015f7b1810,,,611
0x3d10b3dfd34a42dd82ef1f23f5f43f8cf2dd57cd,,,613
0xd62bbd0d1e0ac31dc45f780cdf2046c4804e6aa8,,,614
0x9a226f274de882c2cfcdd2ad1e1ae785864ce64e,,,615
0x602af0582335ee2fe11124a2e5bc13e7fb05323e,,,616
0xe2af94140ccb54e02c06b6a1e593a7d140ff1b91,,,617
0x6b020f56398e3f4c9779ffffa35942dfa4f1783f,,,618
0xc5ab1340e83a8160beee00742177d126d4fa3878,,,619
0x4d8be0203962716f7e92484ddbee3af2b503972f,,,620
0xe2995c68a67202d4b5aa01b01c6b4bf319b49d43,,,621
0x30e1cd47b5cbc7568c3339c7b288098be467f662,,,622
